Failure, Number of Failures, Satellite, Day
partial camera failure,10,Example-9,0.583333
,,Example-2,1.000000
,,Example-17,18.250000
,,Example-16,28.166667
,,Example-14,29.750000
,,Example-20,40.458333
,,Example-1,56.416667
,,Example-12,65.000000
,,Example-15,70.375000
,,Example-19,89.375000
,,,
partial rad sensor failure,11,Example-16,8.541667
,,Example-19,10.375000
,,Example-3,17.458333
,,Example-1,17.666667
,,Example-8,17.708333
,,Example-10,20.458333
,,Example-5,29.583333
,,Example-4,40.250000
,,Example-15,72.000000
,,Example-18,116.041667
,,Example-17,156.458333
,,,
total camera failure,17,Example-9,13.000000
,,Example-7,17.041667
,,Example-14,30.041667
,,Example-3,31.708333
,,Example-6,56.750000
,,Example-12,82.375000
,,Example-18,123.041667
,,Example-10,127.041667
,,Example-15,133.083333
,,Example-13,139.583333
,,Example-11,155.833333
,,Example-20,163.416667
,,Example-17,169.208333
,,Example-8,274.958333
,,Example-16,303.625000
,,Example-19,354.208333
,,Example-1,363.375000
,,,
total failure,20,Example-14,42.666667
,,Example-2,51.541667
,,Example-4,59.791667
,,Example-6,63.166667
,,Example-5,83.666667
,,Example-3,104.541667
,,Example-7,127.916667
,,Example-9,145.916667
,,Example-13,146.333333
,,Example-20,243.458333
,,Example-17,359.875000
,,Example-10,366.583333
,,Example-18,394.916667
,,Example-16,398.250000
,,Example-12,400.000000
,,Example-15,473.500000
,,Example-11,583.791667
,,Example-1,723.166667
,,Example-19,1008.458333
,,Example-8,1045.458333
,,,
total rad sensor failure,16,Example-11,5.708333
,,Example-9,26.458333
,,Example-8,31.416667
,,Example-2,37.291667
,,Example-3,37.458333
,,Example-4,58.750000
,,Example-5,58.791667
,,Example-10,70.208333
,,Example-20,100.416667
,,Example-19,219.875000
,,Example-15,232.875000
,,Example-12,265.291667
,,Example-18,276.541667
,,Example-17,298.541667
,,Example-1,309.208333
,,Example-16,324.166667
