Satellite,Type,Day,Day decimal,Severity
Example-9,partial camera failure,0,0.583333,2
Example-2,partial camera failure,1,1.000000,2
Example-11,total rad sensor failure,5,5.708333,1
Example-16,partial rad sensor failure,8,8.541667,2
Example-19,partial rad sensor failure,10,10.375000,2
Example-9,total camera failure,13,13.000000,1
Example-7,total camera failure,17,17.041667,1
Example-3,partial rad sensor failure,17,17.458333,2
Example-1,partial rad sensor failure,17,17.666667,2
Example-8,partial rad sensor failure,17,17.708333,2
Example-17,partial camera failure,18,18.250000,2
Example-10,partial rad sensor failure,20,20.458333,2
Example-9,total rad sensor failure,26,26.458333,1
Example-16,partial camera failure,28,28.166667,2
Example-5,partial rad sensor failure,29,29.583333,2
Example-14,partial camera failure,29,29.750000,2
Example-14,total camera failure,30,30.041667,1
Example-8,total rad sensor failure,31,31.416667,1
Example-3,total camera failure,31,31.708333,1
Example-2,total rad sensor failure,37,37.291667,1
Example-3,total rad sensor failure,37,37.458333,1
Example-4,partial rad sensor failure,40,40.250000,2
Example-20,partial camera failure,40,40.458333,2
Example-14,total failure,42,42.666667,0
Example-2,total failure,51,51.541667,0
Example-1,partial camera failure,56,56.416667,2
Example-6,total camera failure,56,56.750000,1
Example-4,total rad sensor failure,58,58.750000,1
Example-5,total rad sensor failure,58,58.791667,1
Example-4,total failure,59,59.791667,0
Example-6,total failure,63,63.166667,0
Example-12,partial camera failure,65,65.000000,2
Example-10,total rad sensor failure,70,70.208333,1
Example-15,partial camera failure,70,70.375000,2
Example-15,partial rad sensor failure,72,72.000000,2
Example-12,total camera failure,82,82.375000,1
Example-5,total failure,83,83.666667,0
Example-19,partial camera failure,89,89.375000,2
Example-20,total rad sensor failure,100,100.416667,1
Example-3,total failure,104,104.541667,0
Example-18,partial rad sensor failure,116,116.041667,2
Example-18,total camera failure,123,123.041667,1
Example-10,total camera failure,127,127.041667,1
Example-7,total failure,127,127.916667,0
Example-15,total camera failure,133,133.083333,1
Example-13,total camera failure,139,139.583333,1
Example-9,total failure,145,145.916667,0
Example-13,total failure,146,146.333333,0
Example-11,total camera failure,155,155.833333,1
Example-17,partial rad sensor failure,156,156.458333,2
Example-20,total camera failure,163,163.416667,1
Example-17,total camera failure,169,169.208333,1
Example-19,total rad sensor failure,219,219.875000,1
Example-15,total rad sensor failure,232,232.875000,1
Example-20,total failure,243,243.458333,0
Example-12,total rad sensor failure,265,265.291667,1
Example-8,total camera failure,274,274.958333,1
Example-18,total rad sensor failure,276,276.541667,1
Example-17,total rad sensor failure,298,298.541667,1
Example-16,total camera failure,303,303.625000,1
Example-1,total rad sensor failure,309,309.208333,1
Example-16,total rad sensor failure,324,324.166667,1
Example-19,total camera failure,354,354.208333,1
Example-17,total failure,359,359.875000,0
Example-1,total camera failure,363,363.375000,1
Example-10,total failure,366,366.583333,0
Example-18,total failure,394,394.916667,0
Example-16,total failure,398,398.250000,0
Example-12,total failure,400,400.000000,0
Example-15,total failure,473,473.500000,0
Example-11,total failure,583,583.791667,0
Example-1,total failure,723,723.166667,0
Example-19,total failure,1008,1008.458333,0
Example-8,total failure,1045,1045.458333,0
