% Header info, text description of satellite,,,,,,,,,,,,,,,,
1/Jan/2019 16:00,1/Jan/2022 16:00,,,,,,,,,,,,,,,
% Sat Name,% Sat Time Start,% Sat Time End,% Body Around,% Semi-Major,% Eccentricity,% Inclination,% Arg. of Perigee,%Raan,% True Anomaly,% Frequency,% Beamwdith,% Diameter,% Main-Lobe Gain,% Efficiency,% Type,%Failure type
Example,1/Jan/2019 16:00,1/Jan/2022 16:00,Mars,5400,0,90,0,0,0,14.5,-1,1,-1,0.55,Dipole,2
%Type,%per plane,%num plane,%plane spacing,,,,,,,,,,,,,
delta,4,5,1,,,,,,,,,,,,,
