Failure, Number of Failures, Satellite, Day
partial camera failure,13,Example-5,7.250000
,,Example-19,8.000000
,,Example-2,18.041667
,,Example-39,18.083333
,,Example-9,21.125000
,,Example-34,33.625000
,,Example-22,38.875000
,,Example-11,41.583333
,,Example-12,42.333333
,,Example-1,58.708333
,,Example-20,75.166667
,,Example-17,120.000000
,,Example-33,120.916667
,,,
partial rad sensor failure,15,Example-21,6.166667
,,Example-16,8.583333
,,Example-8,10.166667
,,Example-39,10.166667
,,Example-22,13.666667
,,Example-35,15.041667
,,Example-31,15.958333
,,Example-17,29.208333
,,Example-30,34.750000
,,Example-12,36.500000
,,Example-32,39.166667
,,Example-9,42.208333
,,Example-25,42.583333
,,Example-33,48.708333
,,Example-4,105.833333
,,,
total camera failure,27,Example-23,0.958333
,,Example-7,16.375000
,,Example-13,33.791667
,,Example-34,37.250000
,,Example-30,37.583333
,,Example-11,44.833333
,,Example-25,49.458333
,,Example-24,57.208333
,,Example-1,70.583333
,,Example-29,86.791667
,,Example-27,88.166667
,,Example-38,98.250000
,,Example-28,141.708333
,,Example-9,160.375000
,,Example-10,184.083333
,,Example-33,193.375000
,,Example-6,200.500000
,,Example-14,228.750000
,,Example-15,263.916667
,,Example-2,306.166667
,,Example-22,312.083333
,,Example-16,318.250000
,,Example-12,357.500000
,,Example-19,363.458333
,,Example-3,437.083333
,,Example-17,572.708333
,,Example-20,680.708333
,,,
total failure,40,Example-36,6.000000
,,Example-18,8.125000
,,Example-40,20.916667
,,Example-31,39.375000
,,Example-39,42.125000
,,Example-35,59.958333
,,Example-5,77.791667
,,Example-37,82.875000
,,Example-30,112.166667
,,Example-4,131.500000
,,Example-26,186.250000
,,Example-29,203.375000
,,Example-23,273.125000
,,Example-32,347.750000
,,Example-14,362.791667
,,Example-21,378.375000
,,Example-11,384.500000
,,Example-25,414.750000
,,Example-27,439.083333
,,Example-8,487.625000
,,Example-38,499.375000
,,Example-15,510.333333
,,Example-10,525.166667
,,Example-24,535.500000
,,Example-34,554.458333
,,Example-22,598.041667
,,Example-16,602.708333
,,Example-3,654.333333
,,Example-13,710.833333
,,Example-33,735.583333
,,Example-9,737.583333
,,Example-2,740.000000
,,Example-7,804.291667
,,Example-12,825.958333
,,Example-1,935.750000
,,Example-17,946.916667
,,Example-28,1489.333333
,,Example-19,1565.791667
,,Example-20,2036.000000
,,Example-6,3491.625000
,,,
total rad sensor failure,31,Example-29,7.958333
,,Example-26,8.458333
,,Example-16,9.791667
,,Example-10,11.416667
,,Example-38,13.125000
,,Example-27,15.250000
,,Example-19,21.916667
,,Example-15,32.708333
,,Example-3,35.291667
,,Example-8,37.416667
,,Example-21,39.041667
,,Example-39,39.916667
,,Example-2,41.333333
,,Example-6,45.916667
,,Example-12,64.458333
,,Example-1,69.625000
,,Example-14,73.000000
,,Example-11,78.583333
,,Example-32,84.875000
,,Example-28,90.083333
,,Example-4,125.875000
,,Example-20,125.958333
,,Example-9,142.666667
,,Example-22,217.166667
,,Example-23,234.250000
,,Example-13,264.375000
,,Example-17,265.166667
,,Example-34,300.916667
,,Example-33,420.875000
,,Example-7,497.208333
,,Example-24,498.208333
