Satellite,Type,Day,Day decimal,Severity
Example-23,total camera failure,0,0.958333,1
Example-36,total failure,6,6.000000,0
Example-21,partial rad sensor failure,6,6.166667,2
Example-5,partial camera failure,7,7.250000,2
Example-29,total rad sensor failure,7,7.958333,1
Example-19,partial camera failure,8,8.000000,2
Example-18,total failure,8,8.125000,0
Example-26,total rad sensor failure,8,8.458333,1
Example-16,partial rad sensor failure,8,8.583333,2
Example-16,total rad sensor failure,9,9.791667,1
Example-8,partial rad sensor failure,10,10.166667,2
Example-39,partial rad sensor failure,10,10.166667,2
Example-10,total rad sensor failure,11,11.416667,1
Example-38,total rad sensor failure,13,13.125000,1
Example-22,partial rad sensor failure,13,13.666667,2
Example-35,partial rad sensor failure,15,15.041667,2
Example-27,total rad sensor failure,15,15.250000,1
Example-31,partial rad sensor failure,15,15.958333,2
Example-7,total camera failure,16,16.375000,1
Example-2,partial camera failure,18,18.041667,2
Example-39,partial camera failure,18,18.083333,2
Example-40,total failure,20,20.916667,0
Example-9,partial camera failure,21,21.125000,2
Example-19,total rad sensor failure,21,21.916667,1
Example-17,partial rad sensor failure,29,29.208333,2
Example-15,total rad sensor failure,32,32.708333,1
Example-34,partial camera failure,33,33.625000,2
Example-13,total camera failure,33,33.791667,1
Example-30,partial rad sensor failure,34,34.750000,2
Example-3,total rad sensor failure,35,35.291667,1
Example-12,partial rad sensor failure,36,36.500000,2
Example-34,total camera failure,37,37.250000,1
Example-8,total rad sensor failure,37,37.416667,1
Example-30,total camera failure,37,37.583333,1
Example-22,partial camera failure,38,38.875000,2
Example-21,total rad sensor failure,39,39.041667,1
Example-32,partial rad sensor failure,39,39.166667,2
Example-31,total failure,39,39.375000,0
Example-39,total rad sensor failure,39,39.916667,1
Example-2,total rad sensor failure,41,41.333333,1
Example-11,partial camera failure,41,41.583333,2
Example-39,total failure,42,42.125000,0
Example-9,partial rad sensor failure,42,42.208333,2
Example-12,partial camera failure,42,42.333333,2
Example-25,partial rad sensor failure,42,42.583333,2
Example-11,total camera failure,44,44.833333,1
Example-6,total rad sensor failure,45,45.916667,1
Example-33,partial rad sensor failure,48,48.708333,2
Example-25,total camera failure,49,49.458333,1
Example-24,total camera failure,57,57.208333,1
Example-1,partial camera failure,58,58.708333,2
Example-35,total failure,59,59.958333,0
Example-12,total rad sensor failure,64,64.458333,1
Example-1,total rad sensor failure,69,69.625000,1
Example-1,total camera failure,70,70.583333,1
Example-14,total rad sensor failure,73,73.000000,1
Example-20,partial camera failure,75,75.166667,2
Example-5,total failure,77,77.791667,0
Example-11,total rad sensor failure,78,78.583333,1
Example-37,total failure,82,82.875000,0
Example-32,total rad sensor failure,84,84.875000,1
Example-29,total camera failure,86,86.791667,1
Example-27,total camera failure,88,88.166667,1
Example-28,total rad sensor failure,90,90.083333,1
Example-38,total camera failure,98,98.250000,1
Example-4,partial rad sensor failure,105,105.833333,2
Example-30,total failure,112,112.166667,0
Example-17,partial camera failure,120,120.000000,2
Example-33,partial camera failure,120,120.916667,2
Example-4,total rad sensor failure,125,125.875000,1
Example-20,total rad sensor failure,125,125.958333,1
Example-4,total failure,131,131.500000,0
Example-28,total camera failure,141,141.708333,1
Example-9,total rad sensor failure,142,142.666667,1
Example-9,total camera failure,160,160.375000,1
Example-10,total camera failure,184,184.083333,1
Example-26,total failure,186,186.250000,0
Example-33,total camera failure,193,193.375000,1
Example-6,total camera failure,200,200.500000,1
Example-29,total failure,203,203.375000,0
Example-22,total rad sensor failure,217,217.166667,1
Example-14,total camera failure,228,228.750000,1
Example-23,total rad sensor failure,234,234.250000,1
Example-15,total camera failure,263,263.916667,1
Example-13,total rad sensor failure,264,264.375000,1
Example-17,total rad sensor failure,265,265.166667,1
Example-23,total failure,273,273.125000,0
Example-34,total rad sensor failure,300,300.916667,1
Example-2,total camera failure,306,306.166667,1
Example-22,total camera failure,312,312.083333,1
Example-16,total camera failure,318,318.250000,1
Example-32,total failure,347,347.750000,0
Example-12,total camera failure,357,357.500000,1
Example-14,total failure,362,362.791667,0
Example-19,total camera failure,363,363.458333,1
Example-21,total failure,378,378.375000,0
Example-11,total failure,384,384.500000,0
Example-25,total failure,414,414.750000,0
Example-33,total rad sensor failure,420,420.875000,1
Example-3,total camera failure,437,437.083333,1
Example-27,total failure,439,439.083333,0
Example-8,total failure,487,487.625000,0
Example-7,total rad sensor failure,497,497.208333,1
Example-24,total rad sensor failure,498,498.208333,1
Example-38,total failure,499,499.375000,0
Example-15,total failure,510,510.333333,0
Example-10,total failure,525,525.166667,0
Example-24,total failure,535,535.500000,0
Example-34,total failure,554,554.458333,0
Example-17,total camera failure,572,572.708333,1
Example-22,total failure,598,598.041667,0
Example-16,total failure,602,602.708333,0
Example-3,total failure,654,654.333333,0
Example-20,total camera failure,680,680.708333,1
Example-13,total failure,710,710.833333,0
Example-33,total failure,735,735.583333,0
Example-9,total failure,737,737.583333,0
Example-2,total failure,740,740.000000,0
Example-7,total failure,804,804.291667,0
Example-12,total failure,825,825.958333,0
Example-1,total failure,935,935.750000,0
Example-17,total failure,946,946.916667,0
Example-28,total failure,1489,1489.333333,0
Example-19,total failure,1565,1565.791667,0
Example-20,total failure,2036,2036.000000,0
Example-6,total failure,3491,3491.625000,0
