Coverage Never failed ,,12.00 hours maximum required

01 Jan 2019,100.00%, Satisfied
22 Jan 2019,100.00%, Satisfied
12 Feb 2019,100.00%, Satisfied
05 Mar 2019,100.00%, Satisfied
26 Mar 2019,100.00%, Satisfied
16 Apr 2019,100.00%, Satisfied
07 May 2019,100.00%, Satisfied
28 May 2019,100.00%, Satisfied
18 Jun 2019,100.00%, Satisfied
09 Jul 2019,100.00%, Satisfied
30 Jul 2019,100.00%, Satisfied
20 Aug 2019,100.00%, Satisfied
10 Sep 2019,100.00%, Satisfied
01 Oct 2019,100.00%, Satisfied
22 Oct 2019,100.00%, Satisfied
12 Nov 2019,100.00%, Satisfied
03 Dec 2019,100.00%, Satisfied
24 Dec 2019,100.00%, Satisfied
14 Jan 2020,100.00%, Satisfied
04 Feb 2020,100.00%, Satisfied
25 Feb 2020,100.00%, Satisfied
17 Mar 2020,100.00%, Satisfied
07 Apr 2020,100.00%, Satisfied
28 Apr 2020,100.00%, Satisfied
19 May 2020,100.00%, Satisfied
09 Jun 2020,100.00%, Satisfied
30 Jun 2020,100.00%, Satisfied
21 Jul 2020,100.00%, Satisfied
11 Aug 2020,100.00%, Satisfied
01 Sep 2020,100.00%, Satisfied
22 Sep 2020,100.00%, Satisfied
13 Oct 2020,100.00%, Satisfied
03 Nov 2020,100.00%, Satisfied
24 Nov 2020,100.00%, Satisfied
15 Dec 2020,100.00%, Satisfied
05 Jan 2021,100.00%, Satisfied
26 Jan 2021,100.00%, Satisfied
16 Feb 2021,100.00%, Satisfied
09 Mar 2021,100.00%, Satisfied
30 Mar 2021,100.00%, Satisfied
20 Apr 2021,100.00%, Satisfied
11 May 2021,100.00%, Satisfied
01 Jun 2021,100.00%, Satisfied
22 Jun 2021,100.00%, Satisfied
13 Jul 2021,100.00%, Satisfied
03 Aug 2021,100.00%, Satisfied
24 Aug 2021,100.00%, Satisfied
14 Sep 2021,100.00%, Satisfied
05 Oct 2021,100.00%, Satisfied
26 Oct 2021,100.00%, Satisfied
16 Nov 2021,100.00%, Satisfied
07 Dec 2021,100.00%, Satisfied
